{
  "colsample_bytree": 0.886315615464153,
  "lambda_l1": 0.26699507845176773,
  "lambda_l2": 2.917444813072664,
  "learning_rate": 0.13963416439481247,
  "max_depth": 77,
  "min_child_weight": 9.468711814978617,
  "num_leaves": 75,
  "subsample": 0.7258027935802207,
  "verbose": -1,
  "metric": "rmse",
  "boosting_type": "gbdt",
  "objective": "regression",
  "seed": 1,
  "num_iterations": 9613,
  "early_stopping_round": 500
}