{
  "colsample_bytree": 0.8391979083800722,
  "lambda_l1": 0.6506473411889874,
  "lambda_l2": 1.0628044759476987,
  "learning_rate": 0.15512241386800715,
  "max_depth": 40,
  "min_child_weight": 30.189661888367475,
  "num_leaves": 26,
  "subsample": 0.7941293645003465,
  "verbose": -1,
  "metric": "rmse",
  "boosting_type": "gbdt",
  "objective": "regression",
  "seed": 1,
  "num_iterations": 4246,
  "early_stopping_round": 500,
  "subsample_for_bin": 200000
}